ATSC4c,AATSC4c,GATS3dv,MIC1,BDE,barrier,T,log10(k)
-0.015411121476073196,-0.00036693146371602855,2.2117346938775517,10.415306753481378,83.52346353,-0.95256018,1240.0,-11.033858267260966
