AATS0s,AATSC4c,AATSC4s,MATS3d,BDE,barrier,T,log10(k)
1.8641975308641976,-0.00036693146371602855,-0.08152067411326669,-0.35714285714285715,83.52346353,-0.95256018,1240.0,-11.033858267260966
