AATS3s,AATS3m,MATS2dv,GATS1c,SIC3,BDE
1.460714,20.252609,-0.235507,1.400291,0.789279,84.429814